<?xml version="1.0" encoding="UTF-8" ?>

<odoo>
    <data>
        <delete model="website.menu" search="[('url','in',['/contactus'])]"/>
        <record id="menu_about_us_1" model="website.menu">
            <field name="name">About Us</field>
            <field name="url">/about-us</field>
            <field name="parent_id" ref="website.main_menu"/>
            <field name="sequence" type="int">10</field>
        </record>

        <record id="menu_about_us_2" model="website.menu">
            <field name="name">About Us 2 </field>
            <field name="url">http://www.cybrosys.com</field>
            <field name="parent_id" ref="website.main_menu"/>
            <field name="sequence" type="int">10</field>
        </record>

        <record id="menu_about_us_3" model="website.menu">
            <field name="name">About Us 3 </field>
            <field name="new_window" eval="True"/>
            <field name="url">http://www.cybrosys.com</field>
            <field name="parent_id" ref="website.main_menu"/>
            <field name="sequence" type="int">10</field>
        </record>
    </data>
</odoo>
