<odoo>
    <record id="website_warranty_menu" model="website.menu">
        <field name="name">Warranty</field>
        <field name="url">/warranty</field>
        <field name="parent_id" ref="website.main_menu"/>
        <field name="sequence" type="int">90</field>
    </record>
    <record id="website_warranty_list_menu" model="website.menu">
        <field name="name">Requests</field>
        <field name="url">/requests</field>
        <field name="parent_id" ref="website.main_menu"/>
        <field name="sequence" type="int">100</field>
    </record>
</odoo>
