<templates id="template" xml:space="preserve">

    <t t-name="PosPartnerList" t-inherit="point_of_sale.PartnerListScreen"
       t-inherit-mode="extension" owl="1">

        <xpath expr="//th[@class='partner-line-email']" position="after">
            <th class="partner-credit">Due Amount </th>
        </xpath>
        <xpath expr="//th[@class='partner-credit']" position="after">
            <th class="partner-limit">Limit </th>
        </xpath>

    </t>
    <t t-name="PosPartnerLine" t-inherit="point_of_sale.PartnerLine"
       t-inherit-mode="extension" owl="1">

        <xpath expr="//td[@class='partner-line-email']" position="after"><t t-log="props"/>
            <td class="partner-credit">
                <div>
                    <t t-if="props.partner.credit != 0">
                        <span t-esc="props.partner.credit"/>
                    </t>
                </div>
            </td>
        </xpath>
        <xpath expr="//td[@class='partner-credit']" position="after">
            <td class="partner-limit">
                <div>
                    <t t-if="props.partner.active_limit">
                        <span t-esc="props.partner.limit"/>
                    </t>
                </div>
            </td>
        </xpath>
    </t>

</templates>
